City,Country,Max Temp,Current Description,Lat,Lng,Hotel Name
Abbeville,FR,60.49,overcast clouds,50.1,1.8333,HÃ´tel Mercure
Ushuaia,AR,49.66,light rain,-54.8,-68.3,Arakur
Xuddur,SO,82.11,broken clouds,4.1213,43.8894,No hotel found
Mbandaka,CD,83.14,overcast clouds,0.0487,18.2603,Benghazi
Tessalit,ML,98.51,scattered clouds,20.1986,1.0114,No hotel found
Gravdal,NO,46.29,broken clouds,68.1214,13.5031,No hotel found
Busselton,AU,56.93,clear sky,-33.65,115.3333,No hotel found
Rikitea,PF,77.29,overcast clouds,-23.1203,-134.9692,Chez Bianca & Benoit
Bathsheba,BB,84.81,scattered clouds,13.2167,-59.5167,Clifton Hall Great House
Avarua,CK,73.45,moderate rain,-21.2078,-159.775,Natura Nikao Beach Bungalow
Cape Town,ZA,69.39,overcast clouds,-33.9258,18.4232,DoubleTree by Hilton Hotel Cape Town - Upper Eastside
Jamestown,US,48.52,few clouds,42.097,-79.2353, 
Hermanus,ZA,61.81,overcast clouds,-34.4187,19.2345, 
Saint George,US,55.44,clear sky,37.1041,-113.5841, 
Barra Patuca,HN,85.86,scattered clouds,15.8,-84.2833, 
Mazarron,ES,66.15,broken clouds,37.5992,-1.3149, 
Buala,SB,78.01,scattered clouds,-8.145,159.5921, 
Bethel,US,53.64,overcast clouds,41.3712,-73.414, 
Abha,SA,66.02,few clouds,18.2164,42.5053, 
Korla,CN,51.31,overcast clouds,41.7597,86.1469, 
Castro,BR,65.88,clear sky,-24.7911,-50.0119, 
Honningsvag,NO,40.75,broken clouds,70.9821,25.9704, 
Chuy,UY,58.17,overcast clouds,-33.6971,-53.4616, 
Vaini,TO,75.36,broken clouds,-21.2,-175.2, 
New Norfolk,AU,50.92,broken clouds,-42.7826,147.0587, 
Lagos,NG,83.35,light rain,6.5833,3.75, 
Santa Cruz Del Sur,CU,85.82,heavy intensity rain,20.7147,-77.9956, 
Sao Filipe,CV,74.82,broken clouds,14.8961,-24.4956, 
Ingham,US,56.17,clear sky,42.6,-84.3833, 
Safonovo,RU,50.76,overcast clouds,55.15,33.2167, 
Hithadhoo,MV,84.07,overcast clouds,-0.6,73.0833, 
Punta Arenas,CL,51.91,scattered clouds,-53.15,-70.9167, 
Berlevag,NO,40.95,broken clouds,70.8578,29.0864, 
Kulu,TR,54.79,scattered clouds,39.0951,33.0799, 
Hilo,US,73.26,few clouds,19.7297,-155.09, 
Bluff,NZ,52.81,clear sky,-46.6,168.3333, 
Arucas,ES,68.83,broken clouds,28.1198,-15.5233, 
Mataura,NZ,52.48,scattered clouds,-46.1927,168.8643, 
Palmares Do Sul,BR,68.59,scattered clouds,-30.2578,-50.5097, 
Carnarvon,AU,76.39,broken clouds,-24.8667,113.6333, 
Port Alfred,ZA,78.19,broken clouds,-33.5906,26.891, 
Pusad,IN,92.95,broken clouds,19.9,77.5833, 
Kavieng,PG,79.39,moderate rain,-2.5744,150.7967, 
Katsuura,JP,62.62,overcast clouds,35.1333,140.3, 
Saint-Philippe,RE,78.39,light rain,-21.3585,55.7679, 
Porto Walter,BR,85.42,scattered clouds,-8.2686,-72.7439, 
Jacqueville,CI,83.19,broken clouds,5.2052,-4.4146, 
Nongan,CN,57.47,moderate rain,44.382,125.1685, 
Mar Del Plata,AR,61.95,overcast clouds,-38.0023,-57.5575, 
Nikolskoye,RU,51.69,clear sky,59.7035,30.7861, 
Puerto Ayora,EC,85.96,moderate rain,-0.7393,-90.3518, 
Atuona,PF,81.39,few clouds,-9.8,-139.0333, 
Albany,US,46.85,broken clouds,42.6001,-73.9662, 
Kaduy,RU,44.91,broken clouds,59.2,37.15, 
Tecoanapa,MX,86.04,broken clouds,16.5167,-98.75, 
Juneau,US,44.6,broken clouds,58.3019,-134.4197, 
Golden,US,60.98,scattered clouds,39.7555,-105.2211, 
Lakes Entrance,AU,42.17,broken clouds,-37.8811,147.981, 
Kaitangata,NZ,46.31,scattered clouds,-46.2817,169.8464, 
Lampazos De Naranjo,MX,85.3,scattered clouds,27.0167,-100.5167, 
Faanui,PF,82.47,overcast clouds,-16.4833,-151.75, 
Tabuk,PH,75.4,clear sky,17.4189,121.4443, 
Butaritari,KI,82.36,scattered clouds,3.0707,172.7902, 
Sitka,US,44.49,broken clouds,57.0531,-135.33, 
Conselheiro Lafaiete,BR,73.42,overcast clouds,-20.6603,-43.7861, 
Te Anau,NZ,46.09,broken clouds,-45.4167,167.7167, 
Lebu,CL,57.15,scattered clouds,-37.6167,-73.65, 
Ivanivka,UA,49.59,broken clouds,46.7208,34.553, 
Caravelas,BR,93.67,few clouds,-17.7125,-39.2481, 
Tabou,CI,84.51,broken clouds,4.423,-7.3528, 
San Jeronimo,PE,62.31,few clouds,-11.9472,-75.2829, 
Pemba,MZ,79.5,light rain,-12.974,40.5178, 
Waipawa,NZ,55.33,overcast clouds,-41.4122,175.5153, 
Rosetta,EG,63.59,broken clouds,31.4044,30.4164, 
Palmer,US,50.47,smoke,42.1584,-72.3287, 
Vila Franca Do Campo,PT,63.01,light rain,37.7167,-25.4333, 
Ribeira Grande,PT,57.78,moderate rain,38.5167,-28.7, 
Boende,CD,81.39,overcast clouds,-0.2167,20.8667, 
Souillac,MU,79.18,light rain,-20.5167,57.5167, 
Nouadhibou,MR,73.38,broken clouds,20.931,-17.0347, 
Arraial Do Cabo,BR,76.86,broken clouds,-22.9661,-42.0278, 
Rawson,AR,73.9,few clouds,-43.3002,-65.1023, 
Siverek,TR,59.67,overcast clouds,37.755,39.3167, 
Lahij,YE,81.34,clear sky,13.1667,44.5833, 
Mut,TR,63.34,broken clouds,36.6439,33.4389, 
Rio Gallegos,AR,62.65,few clouds,-51.6226,-69.2181, 
Soe,ID,61.99,scattered clouds,-9.8607,124.284, 
San Patricio,US,80.85,overcast clouds,28.017,-97.5169, 
Port Elizabeth,ZA,71.31,clear sky,-33.918,25.5701, 
Hobart,AU,51.26,scattered clouds,-42.8794,147.3294, 
Port Hedland,AU,69.85,broken clouds,-20.3167,118.5667, 
Kapaa,US,69.78,few clouds,22.0752,-159.319, 
Bandarbeyla,SO,82.69,scattered clouds,9.4942,50.8122, 
Lata,PT,73.92,clear sky,40.1629,-8.3327, 
Gazanjyk,TM,64.53,clear sky,39.2446,55.5154, 
Kavaratti,IN,84.04,few clouds,10.5669,72.642, 
Inhambane,MZ,71.91,scattered clouds,-23.865,35.3833, 
Lodja,CD,78.13,overcast clouds,-3.4833,23.4333, 
Posse,BR,89.13,scattered clouds,-14.0931,-46.3694, 
Binon-An,PH,81.57,clear sky,11.3947,123.1426, 
Ko Samui,TH,85.23,few clouds,9.5357,99.9357, 
Mahebourg,MU,80.26,light rain,-20.4081,57.7, 
Voh,NC,69.89,clear sky,-20.9667,164.7, 
Vaitape,PF,82.47,overcast clouds,-16.5167,-151.75, 
Adrar,MR,92.75,clear sky,20.5022,-10.0711, 
Vao,NC,77.47,scattered clouds,-22.6667,167.4833, 
Ferkessedougou,CI,93.43,overcast clouds,9.6,-5.2, 
Kralendijk,BQ,85.98,scattered clouds,12.15,-68.2667, 
Bonthe,SL,85.89,overcast clouds,7.5264,-12.505, 
Lasa,IT,56.7,broken clouds,46.6166,10.7002, 
Georgetown,MY,84.13,few clouds,5.4112,100.3354, 
Victoria,HK,75.96,overcast clouds,22.2855,114.1577, 
Seoul,KR,63.79,light intensity drizzle,37.5683,126.9778, 
Isangel,VU,77.09,broken clouds,-19.55,169.2667, 
Alofi,NU,80.11,light rain,-19.0595,-169.9187, 
Namibe,AO,78.75,overcast clouds,-15.1961,12.1522, 
East London,ZA,72.54,clear sky,-33.0153,27.9116, 
Mecca,SA,85.95,clear sky,21.4267,39.8261, 
Itaituba,BR,85.55,overcast clouds,-4.2761,-55.9836, 
North Branford,US,53.69,overcast clouds,41.3276,-72.7673, 
Khanpur,PK,86.68,broken clouds,28.6453,70.6567, 
Padang,ID,77.05,overcast clouds,-0.9492,100.3543, 
Valparaiso,CL,86.23,clear sky,-33.0393,-71.6273, 
Bredasdorp,ZA,64.38,overcast clouds,-34.5322,20.0403, 
Santona,ES,70.11,clear sky,43.4439,-3.4576, 
Chokwe,MZ,71.24,clear sky,-24.5333,32.9833, 
Avera,US,85.91,clear sky,33.194,-82.5271, 
Kitgum,UG,76.03,scattered clouds,3.2783,32.8867, 
Preobrazheniye,RU,44.13,overcast clouds,42.9019,133.9064, 
Soavinandriana,MG,59.54,few clouds,-19.1667,46.7333, 
Ukiah,US,53.44,clear sky,39.1502,-123.2078, 
Atar,MR,90.82,scattered clouds,20.5169,-13.0499, 
Taoudenni,ML,100.85,few clouds,22.6783,-3.9836, 
Alta Floresta,BR,93.02,scattered clouds,-9.8756,-56.0861, 
Beyneu,KZ,55.54,overcast clouds,45.3167,55.2, 
Narsaq,GL,44.82,broken clouds,60.9167,-46.05, 
Bambous Virieux,MU,80.22,light rain,-20.3428,57.7575, 
San Cristobal,VE,75.38,overcast clouds,7.7669,-72.225, 
Coquimbo,CL,67.73,clear sky,-29.9533,-71.3436, 
Shevchenkove,UA,48.4,moderate rain,49.6959,37.1735, 
Hazorasp,UZ,53.44,clear sky,41.3194,61.0742, 
Sorland,NO,44.46,overcast clouds,67.667,12.6934, 
Tarabuco,BO,58.57,broken clouds,-19.1667,-64.9167, 
Marawi,PH,70.99,overcast clouds,7.9986,124.2928, 
Yulara,AU,59.68,clear sky,-25.2406,130.9889, 
Nouna,BF,104.41,broken clouds,12.7333,-3.8667, 
Fukue,JP,62.49,broken clouds,32.6881,128.8419, 
Laguna,US,57.49,clear sky,38.421,-121.4238, 
Grenaa,DK,55.62,clear sky,56.4158,10.8783, 
Iralaya,HN,84.49,clear sky,15.0,-83.2333, 
Calawag,PH,78.71,broken clouds,10.6697,119.5707, 
Fortuna,US,47.91,scattered clouds,40.5982,-124.1573, 
Bilma,NE,97.88,broken clouds,18.6853,12.9164, 
Los Llanos De Aridane,ES,66.13,broken clouds,28.6585,-17.9182, 
Kaoma,ZM,69.03,overcast clouds,-14.7833,24.8, 
Abu Samrah,SY,69.57,overcast clouds,35.3029,37.1841, 
Lompoc,US,65.01,few clouds,34.6391,-120.4579, 
Rosarito,MX,63.63,broken clouds,32.3333,-117.0333, 
Marabba,SD,98.55,few clouds,12.35,32.1833, 
Verkhneyarkeyevo,RU,48.67,overcast clouds,55.4505,54.3145, 
Ponta Do Sol,PT,70.43,broken clouds,32.6667,-17.1, 
Dunedin,NZ,54.81,clear sky,-45.8742,170.5036, 
Male,MV,85.95,few clouds,4.1748,73.5089, 
Airai,TL,58.3,broken clouds,-8.9266,125.4092, 
Belmonte,BR,86.22,scattered clouds,-15.8631,-38.8828, 
Bolshaya Dzhalga,RU,54.63,few clouds,45.9695,42.6966, 
Vestmannaeyjar,IS,47.39,fog,63.4427,-20.2734, 
Pacific Grove,US,57.02,clear sky,36.6177,-121.9166, 
Horsens,DK,55.24,clear sky,55.8607,9.8503, 
Key West,US,81.0,scattered clouds,24.5557,-81.7826, 
Tiarei,PF,78.82,broken clouds,-17.5333,-149.3333, 
Cabedelo,BR,90.27,overcast clouds,-6.9811,-34.8339, 
Grindavik,IS,53.55,broken clouds,63.8424,-22.4338, 
Taman,RU,53.24,scattered clouds,45.2117,36.7161, 
Lianzhou,CN,71.35,scattered clouds,24.7811,112.3825, 
Viedma,AR,67.75,few clouds,-40.8135,-62.9967, 
Morondava,MG,79.05,light rain,-20.2833,44.2833, 
Puerto Penasco,MX,68.59,clear sky,31.3167,-113.5333, 
Toamasina,MG,77.0,light rain,-18.1667,49.3833, 
Soyo,AO,81.97,moderate rain,-6.1349,12.3689, 
Pontianak,ID,80.58,scattered clouds,-0.0333,109.3333, 
West Odessa,US,82.67,clear sky,31.8424,-102.4988, 
Komsomolskiy,UZ,52.52,broken clouds,40.4272,71.7189, 
Kinkala,CG,78.24,overcast clouds,-4.3614,14.7644, 
Storforshei,NO,46.18,broken clouds,66.4043,14.5233, 
Toba,JP,60.8,overcast clouds,34.4833,136.85, 
Samarai,PG,79.77,scattered clouds,-10.6167,150.6667, 
Manzil Salim,TN,73.63,overcast clouds,35.8567,8.4765, 
Mocuba,MZ,69.8,broken clouds,-16.8392,36.9856, 
Namatanai,PG,78.15,broken clouds,-3.6667,152.4333, 
Hambantota,LK,82.49,few clouds,6.1241,81.1185, 
Kidal,ML,100.69,overcast clouds,18.4411,1.4078, 
Pacifica,US,57.42,few clouds,37.6138,-122.4869, 
Flinders,AU,64.38,light rain,-34.5833,150.8552, 
Ixtapa,MX,78.03,clear sky,20.7,-105.2, 
Atambua,ID,70.21,scattered clouds,-9.1061,124.8925, 
Nizwa,OM,82.96,broken clouds,22.9333,57.5333, 
Prado,BR,87.67,scattered clouds,-17.3411,-39.2208, 
Chicama,PE,79.34,overcast clouds,-7.8447,-79.1469, 
Port-Gentil,GA,84.16,light rain,-0.7193,8.7815, 
Miraflores,MX,75.02,broken clouds,19.2167,-98.8083, 
Trairi,BR,84.79,overcast clouds,-3.2778,-39.2689, 
Bubaque,GW,81.34,scattered clouds,11.2833,-15.8333, 
Cap Malheureux,MU,80.47,clear sky,-19.9842,57.6142, 
Svetlaya,RU,40.15,scattered clouds,46.5389,138.3297, 
Brylivka,UA,53.11,overcast clouds,46.4248,33.1472, 
Cidreira,BR,68.27,scattered clouds,-30.1811,-50.2056, 
Watertown,US,50.56,overcast clouds,42.3709,-71.1828, 
Savannah Bight,HN,80.83,broken clouds,16.45,-85.85, 
Ahipara,NZ,67.15,overcast clouds,-35.1667,173.1667, 
Traverse City,US,43.84,overcast clouds,44.7631,-85.6206, 
Paka,MY,80.53,overcast clouds,4.6374,103.4368, 
Plettenberg Bay,ZA,66.0,overcast clouds,-34.0527,23.3716, 
Burley,US,40.19,clear sky,42.5357,-113.7928, 
Sal Rei,CV,75.4,broken clouds,16.1833,-22.9167, 
Boa Vista,BR,89.58,scattered clouds,2.8197,-60.6733, 
Kalemie,CD,73.78,broken clouds,-5.9475,29.1947, 
Merauke,ID,76.96,broken clouds,-8.4667,140.3333, 
Hvolsvollur,IS,47.07,overcast clouds,63.7533,-20.2243, 
Codrington,AU,51.24,broken clouds,-38.2667,141.9667, 
Dalhousie,IN,47.48,overcast clouds,32.5333,75.9833, 
Tateyama,JP,62.53,mist,34.9833,139.8667, 
Pahrump,US,60.26,clear sky,36.2083,-115.9839, 
Mackay,AU,68.68,clear sky,-21.15,149.2, 
Muros,ES,66.15,few clouds,42.7762,-9.0603, 
Ancud,CL,58.66,overcast clouds,-41.8697,-73.8203, 
Bosaso,SO,81.46,clear sky,11.2842,49.1816, 
Esperance,AU,55.94,clear sky,-33.8667,121.9, 
Guntakal,IN,90.39,clear sky,15.1667,77.3833, 
Husavik,IS,51.03,scattered clouds,66.0449,-17.3389, 
Salalah,OM,84.29,scattered clouds,17.0151,54.0924, 
Itaporanga,BR,92.03,overcast clouds,-7.3044,-38.1503, 
Canals,ES,67.21,overcast clouds,38.9625,-0.5844, 
Muroto,JP,64.98,overcast clouds,33.2833,134.15, 
Yoichi,JP,43.93,moderate rain,43.2039,140.7703, 
Bengkulu,ID,77.41,overcast clouds,-3.8004,102.2655, 
Acari,PE,81.66,few clouds,-15.4311,-74.6158, 
Richards Bay,ZA,72.55,clear sky,-28.783,32.0377, 
Erzin,TR,65.64,overcast clouds,36.9559,36.2, 
Vigrestad,NO,58.68,clear sky,58.5667,5.7, 
Kaspiyskiy,RU,54.09,broken clouds,45.3929,47.3707, 
Lagoa,PT,56.48,moderate rain,39.05,-27.9833, 
Sao Joao Da Barra,BR,86.09,overcast clouds,-21.6403,-41.0511, 
Saldanha,ZA,62.4,overcast clouds,-33.0117,17.9442, 
Alausi,EC,54.43,moderate rain,-2.2,-78.8333, 
Fondi,IT,62.82,scattered clouds,41.3541,13.4313, 
Naze,JP,65.05,overcast clouds,28.3667,129.4833, 
Poum,NC,77.58,clear sky,-20.2333,164.0167, 
Lorengau,PG,79.56,broken clouds,-2.0226,147.2712, 
Dondo,MZ,76.51,few clouds,-19.6094,34.7431, 
Kudahuvadhoo,MV,83.95,overcast clouds,2.6708,72.8944, 
Wanning,CN,78.04,few clouds,18.8003,110.3967, 
Beysehir,TR,51.8,clear sky,37.6773,31.7246, 
Port Lincoln,AU,58.62,overcast clouds,-34.7333,135.8667, 
Awjilah,LY,74.5,clear sky,29.1081,21.2869, 
Tubara,CO,90.55,scattered clouds,10.8744,-74.9789, 
Zhanakorgan,KZ,53.6,clear sky,43.9098,67.2495, 
Makariv,UA,55.18,overcast clouds,50.4641,29.8113, 
Kill,IE,55.81,broken clouds,52.1761,-7.335, 
Celestun,MX,85.89,clear sky,20.8667,-90.4, 
Constitucion,CL,65.41,broken clouds,-35.3333,-72.4167, 
Cheran,MX,67.6,overcast clouds,19.6833,-101.95, 
Tuatapere,NZ,48.34,few clouds,-46.1333,167.6833, 
Guerrero Negro,MX,61.63,broken clouds,27.9769,-114.0611, 
Yevlax,AZ,60.78,clear sky,40.6089,47.1492, 
Qui Nhon,VN,79.59,clear sky,13.7667,109.2333, 
Majene,ID,78.4,overcast clouds,-3.5403,118.9707, 
Portland,US,46.29,moderate rain,45.5234,-122.6762, 
Lusaka,ZM,68.25,clear sky,-15.4067,28.2871, 
Eydhafushi,MV,83.64,few clouds,5.1033,73.0708, 
Qusar,AZ,49.78,clear sky,41.4273,48.4289, 
Hayrabolu,TR,51.28,broken clouds,41.2131,27.1069, 
Geraldton,AU,61.21,scattered clouds,-28.7667,114.6, 
Trinidad,BO,78.82,broken clouds,-14.8333,-64.9, 
Cabo San Lucas,MX,82.62,scattered clouds,22.8909,-109.9124, 
Santa Rosa,PH,84.18,clear sky,14.3122,121.1114, 
Freeport,US,59.41,scattered clouds,40.6576,-73.5832, 
Beloha,MG,73.4,overcast clouds,-25.1667,45.05, 
Hofn,IS,48.22,fog,64.2539,-15.2082, 
Bocana De Paiwas,NI,89.02,overcast clouds,12.7857,-85.1227, 
Nioro,GM,104.23,scattered clouds,13.35,-15.75, 
Maldonado,UY,58.39,overcast clouds,-34.6667,-54.9167, 
Roald,NO,61.72,clear sky,62.5833,6.1333, 
Ronneby,SE,50.5,clear sky,56.21,15.276, 
Kirakira,SB,77.04,scattered clouds,-10.4544,161.9205, 
Dingle,PH,78.26,few clouds,10.9995,122.6711, 
Paranaiba,BR,72.68,overcast clouds,-19.6772,-51.1908, 
Las Palmas,ES,70.59,few clouds,28.4204,-14.0131, 
Cervo,ES,59.23,clear sky,43.6702,-7.4101, 
Acapulco,MX,85.82,clear sky,16.8634,-99.8901, 
Rocha,UY,53.65,overcast clouds,-34.4833,-54.3333, 
Puerto Del Rosario,ES,73.15,few clouds,28.5004,-13.8627, 
Bani Walid,LY,81.75,scattered clouds,31.7566,13.9942, 
Clarksburg,US,71.71,clear sky,39.2807,-80.3445, 
Kizilskoye,RU,47.95,overcast clouds,52.7255,58.8937, 
Bolobo,CD,82.65,overcast clouds,-2.1667,16.2333, 
Kikwit,CD,80.37,broken clouds,-5.041,18.8162, 
Saint-Georges,GD,83.88,few clouds,12.0564,-61.7485, 
Trincomalee,LK,82.56,clear sky,8.5711,81.2335, 
Pimentel,PE,86.29,broken clouds,-6.8367,-79.9342, 
Copiapo,CL,65.89,clear sky,-27.3667,-70.3333, 
Hasaki,JP,61.21,overcast clouds,35.7333,140.8333, 
Horqueta,PY,76.15,clear sky,-23.3428,-57.0597, 
Takaungu,KE,79.29,scattered clouds,-3.6837,39.8566, 
Alice Springs,AU,51.35,clear sky,-23.7,133.8833, 
Roura,GF,75.11,moderate rain,4.7263,-52.3274, 
Cayenne,GF,75.24,moderate rain,4.9333,-52.3333, 
Mount Gambier,AU,52.99,broken clouds,-37.8333,140.7667, 
Jumla,NP,51.85,overcast clouds,29.2747,82.1838, 
Emerald,AU,62.35,clear sky,-23.5333,148.1667, 
Lexington,US,78.12,clear sky,37.9887,-84.4777, 
Guerande,FR,65.62,clear sky,47.3291,-2.4283, 
Olinda,BR,87.53,scattered clouds,-8.0089,-34.8553, 
Sisophon,KH,84.97,scattered clouds,13.5859,102.9737, 
Quthing,LS,61.05,clear sky,-30.4,27.7003, 
Sumbe,AO,82.42,broken clouds,-11.2061,13.8437, 
Zonguldak,TR,47.61,broken clouds,41.25,31.8333, 
Middleton,GB,58.91,scattered clouds,53.55,-2.2, 
Gagret,IN,66.61,broken clouds,31.6667,76.0667, 
Nishihara,JP,70.88,thunderstorm,26.1842,127.7558, 
Simbahan,PH,82.67,overcast clouds,6.3032,120.5836, 
Jacksonville,US,83.05,broken clouds,30.3322,-81.6556, 
Euclides Da Cunha,BR,94.93,overcast clouds,-10.5075,-39.0158, 
Ocampo,MX,73.99,overcast clouds,21.65,-101.5, 
Shubarkuduk,KZ,50.34,overcast clouds,49.1447,56.4872, 
Kahului,US,73.85,moderate rain,20.8947,-156.47, 
Pekin,CN,67.89,overcast clouds,39.9075,116.3972, 
Norfolk,US,50.79,scattered clouds,42.1668,-71.2495, 
Rosario Oeste,BR,80.91,overcast clouds,-14.8361,-56.4275, 
Port Hardy,CA,40.91,light rain,50.6996,-127.4199, 
Bernalillo,US,70.66,few clouds,35.05,-106.6673, 
Araouane,ML,101.86,overcast clouds,18.9048,-3.5265, 
Sinnamary,GF,80.71,light rain,5.3833,-52.95, 
Rorvik,NO,51.78,clear sky,64.8621,11.2373, 
Kruisfontein,ZA,68.27,overcast clouds,-34.0033,24.7314, 
Price,US,40.12,clear sky,39.5994,-110.8107, 
Cockburn Town,TC,78.48,light rain,21.4612,-71.1419, 
San Andres,CO,87.82,few clouds,12.5847,-81.7006, 
Maarianhamina,AX,48.06,clear sky,60.0973,19.9348, 
Mayo,US,69.35,clear sky,38.8876,-76.5119, 
Imbituba,BR,75.85,clear sky,-28.24,-48.6703, 
Sorong,ID,78.85,broken clouds,-0.8833,131.25, 
Ustye,RU,43.0,clear sky,59.6304,39.736, 
Sabirabad,AZ,57.65,broken clouds,40.0095,48.4752, 
Lubumbashi,CD,64.02,broken clouds,-11.6609,27.4794, 
Yeppoon,AU,67.78,broken clouds,-23.1333,150.7333, 
Menongue,AO,72.18,broken clouds,-14.6585,17.691, 
Joshimath,IN,55.29,overcast clouds,30.5667,79.5667, 
Rosario,AR,75.94,clear sky,-32.9468,-60.6393, 
Sokoto,NG,104.18,overcast clouds,13.0609,5.239, 
Ambon,ID,77.14,few clouds,-3.6954,128.1814, 
Kutum,SD,86.4,clear sky,14.2,24.6667, 
Martinsburg,US,71.28,clear sky,39.4562,-77.9639, 
Gweta,BW,77.2,clear sky,-20.1833,25.2333, 
Dezhou,CN,69.08,clear sky,37.4486,116.2925, 
Port Macquarie,AU,57.88,broken clouds,-31.4333,152.9167, 
Sao Jose Da Coroa Grande,BR,85.44,overcast clouds,-8.8978,-35.1478, 
Tieling,CN,64.72,overcast clouds,42.2931,123.8414, 
Bucerias,MX,78.78,clear sky,20.75,-105.3333, 
Surin,TH,90.91,broken clouds,14.8818,103.4936, 
Road Town,VG,84.29,scattered clouds,18.4167,-64.6167, 
Beira,MZ,77.09,few clouds,-19.8436,34.8389, 
Galle,LK,81.32,few clouds,6.0367,80.217, 
Saint Anthony,US,43.14,overcast clouds,45.0205,-93.218, 
Agucadoura,PT,74.32,clear sky,41.4318,-8.7804, 
Tocopilla,CL,72.09,few clouds,-22.092,-70.1979, 
Gondanglegi,ID,75.69,scattered clouds,-7.7479,112.0132, 
Pringsewu,ID,74.73,broken clouds,-5.3582,104.9744, 
Kungalv,SE,57.45,clear sky,57.871,11.9805, 
Margate,GB,53.31,clear sky,51.3813,1.3862, 
Benguela,AO,84.13,scattered clouds,-12.5763,13.4055, 
Bocaiuva,BR,86.05,broken clouds,-17.1078,-43.815, 
Marsh Harbour,BS,74.89,overcast clouds,26.5412,-77.0636, 
Virbhadra,IN,72.61,overcast clouds,30.0712,78.2819, 
Charters Towers,AU,69.08,clear sky,-20.1,146.2667, 
Karlskrona,SE,50.45,clear sky,56.1616,15.5866, 
Prince Rupert,CA,44.4,few clouds,54.3161,-130.3201, 
Taiyuan,CN,69.66,clear sky,37.8694,112.5603, 
Half Moon Bay,US,57.6,clear sky,37.4636,-122.4286, 
Klaksvik,FO,50.92,scattered clouds,62.2266,-6.589, 
Tazmalt,DZ,74.86,overcast clouds,36.3868,4.3989, 
Hisor,TJ,53.35,scattered clouds,38.525,68.5512, 
Desaguadero,PE,56.93,few clouds,-16.5656,-69.0417, 
Hamilton,US,73.99,clear sky,39.1834,-84.5333, 
Hirara,JP,76.78,overcast clouds,24.8,125.2833, 
Carutapera,BR,78.58,overcast clouds,-1.195,-46.02, 
Raudeberg,NO,52.47,few clouds,61.9875,5.1352, 
Karratha,AU,76.1,broken clouds,-20.7377,116.8463, 
Skjervoy,NO,48.2,light rain,70.0311,20.9714, 
Meulaboh,ID,76.42,moderate rain,4.1363,96.1285, 
Sonoita,MX,72.68,clear sky,31.85,-112.8333, 
Grand Gaube,MU,80.38,clear sky,-20.0064,57.6608, 
Saint-Pierre,RE,78.48,clear sky,-21.3393,55.4781, 
Makat,KZ,56.23,overcast clouds,47.6469,53.3463, 
Liverpool,GB,59.61,clear sky,53.4106,-2.9779, 
Pabrade,LT,52.66,overcast clouds,55.0,25.7833, 
Maceio,BR,92.64,scattered clouds,-9.6658,-35.7353, 
Bima,ID,75.2,broken clouds,-8.4667,118.7167, 
Kismayo,SO,83.01,overcast clouds,-0.3582,42.5454, 
Mosquera,CO,66.29,broken clouds,4.7059,-74.2302, 
Rongcheng,CN,66.72,overcast clouds,30.634,117.8517, 
Coronel Vivida,BR,65.88,scattered clouds,-25.9797,-52.5678, 
Buraydah,SA,79.25,clear sky,26.326,43.975, 
Conde,BR,89.06,scattered clouds,-7.2597,-34.9075, 
Eregli,TR,61.59,overcast clouds,37.5133,34.0467, 
Ogbomosho,NG,81.81,moderate rain,8.133,4.25, 
Portage,US,57.61,clear sky,41.1667,-81.1998, 
Aberfeldy,GB,54.48,clear sky,56.62,-3.8645, 
Yilan,TW,79.36,overcast clouds,24.757,121.753, 
Itarema,BR,84.22,light rain,-2.9248,-39.9167, 
Chikwawa,MW,71.55,scattered clouds,-16.0335,34.8009, 
Nelson Bay,AU,64.0,overcast clouds,-32.7167,152.15, 
Cananea,MX,64.87,clear sky,30.95,-110.3, 
La Union,PE,85.44,overcast clouds,-5.4,-80.75, 
Estelle,US,80.01,scattered clouds,29.8458,-90.1067, 
Vila Velha,BR,93.94,few clouds,-20.3297,-40.2925, 
Hirekerur,IN,75.29,clear sky,14.4667,75.3833, 
Srandakan,ID,78.42,scattered clouds,-7.9386,110.2506, 
Lazaro Cardenas,MX,83.17,overcast clouds,17.9583,-102.2, 
Arrecife,ES,73.38,few clouds,28.963,-13.5477, 
Marktoberdorf,DE,42.22,moderate rain,47.7833,10.6167, 
Antofagasta,CL,67.28,scattered clouds,-23.65,-70.4, 
Raymond,US,48.51,broken clouds,43.9015,-70.4703, 
Taiping,MY,76.57,overcast clouds,4.85,100.7333, 
Yarim,YE,60.24,light rain,14.298,44.3779, 
Bassila,BJ,93.69,broken clouds,9.0081,1.6654, 
Santa Fe,AR,76.28,light rain,-31.6333,-60.7, 
Kathmandu,NP,73.83,few clouds,27.7167,85.3167, 
Buzmeyin,TM,60.53,clear sky,38.0507,58.2056, 
Vila,PT,63.7,clear sky,42.0304,-8.1588, 
Iquitos,PE,89.64,scattered clouds,-3.7481,-73.2472, 
Tautira,PF,80.85,light rain,-17.7333,-149.15, 
Mpanda,TZ,67.24,scattered clouds,-6.3655,31.0409, 
Rafai,CF,81.05,overcast clouds,4.95,23.9167, 
Port Augusta,AU,56.25,clear sky,-32.5,137.7667, 
Praia,CV,79.34,broken clouds,14.9215,-23.5087, 
Tura,IN,81.81,clear sky,25.5198,90.2201, 
Alyangula,AU,79.2,light rain,-13.8483,136.4192, 
Axim,GH,85.37,overcast clouds,4.8699,-2.2405, 
Pangkalanbuun,ID,76.19,overcast clouds,-2.6833,111.6167, 
Anderson,US,82.26,clear sky,34.5334,-82.6499, 
Adre,TD,91.45,clear sky,13.4667,22.2, 
Ojinaga,MX,84.42,clear sky,29.5667,-104.4167, 
Reporoa,NZ,57.45,overcast clouds,-38.4333,176.35, 
Santa Cruz,BO,71.06,overcast clouds,-17.8,-63.1667, 
Beroroha,MG,74.93,light rain,-21.6667,45.1667, 
Bereda,ES,75.15,clear sky,43.2686,-7.5406, 
Moron,AR,65.01,broken clouds,-34.6534,-58.6198, 
Kendari,ID,75.34,overcast clouds,-3.945,122.4989, 
Boali,CF,78.93,light rain,4.8005,18.1275, 
Saint-Joseph,RE,77.38,scattered clouds,-21.3667,55.6167, 
Bayshore Gardens,US,84.24,clear sky,27.4253,-82.5904, 
Tabora,TZ,66.56,scattered clouds,-5.0167,32.8, 
Porbandar,IN,82.38,clear sky,21.6422,69.6093, 
